title,player,sport,variant,brand,price,condition,watchers,status
Stephen Curry Rare Refractor Display MVP Warriors Collectible MINT ENCASED,Stephen Curry,Basketball,Refractor / Display,Panini,65.5,Pre-Owned,16,Active
LeBron James RARE REFRACTOR SSP Investment Card Lakers MVP MINT ENCASED,LeBron James,Basketball,Refractor / SSP,Panini,44.5,Pre-Owned,42,Active
50/50 Shohei Ohtani RARE Refractor SSP Investment Card Dodgers 50/50 ENCASED,Shohei Ohtani,Baseball,Refractor / SSP,Topps,55.5,Pre-Owned,161,Active
Anthony Edwards RARE ROOKIE RC DIAMOND REFRACTOR SSP INVESTMENT CARD ENCASED,Anthony Edwards,Basketball,Rookie / RC / Refractor / SSP,Panini,125.0,Pre-Owned,56,Active
Anthony Edwards RARE ROOKIE RC DIAMOND REFRACTOR SSP INVESTMENT CARD ENCASED (Asia Red),Anthony Edwards,Basketball,Rookie / RC / Refractor / SSP / Red,Panini,150.0,Pre-Owned,10,Active
Tom Brady RARE Display Clear Investment Card MVP Buccaneers Encased,Tom Brady,Football,Clear / Display,Panini,55.5,Pre-Owned,27,Active
Stephen Curry 2016 NBA Art Card MVP Warriors Collectible MINT ENCASED,Stephen Curry,Basketball,Art Card,Panini,65.5,Pre-Owned,34,Active
Nikola Jokic RARE REFRACTOR PRIZM INVESTMENT CARD DENVER NUGGETS MINT ENCASED,Nikola Jokic,Basketball,Refractor / Prizm,Panini,65.0,Pre-Owned,0,Active
Victor Wembanyama RARE Refractor Investment Card Topps MINT ENCASED,Victor Wembanyama,Basketball,Refractor,Topps,65.0,Pre-Owned,12,Active
Anthony Edwards RARE DISPLAY REFRACTOR SSP INVESTMENT CARD T-Wolves MVP ENCASED,Anthony Edwards,Basketball,Display / Refractor / SSP,Panini,44.5,Pre-Owned,19,Active
50/50 Shohei Ohtani RARE Topps Refractor Investment Card Dodgers 50/50 ENCASED,Shohei Ohtani,Baseball,Refractor,Topps,55.5,Pre-Owned,0,Active
Stephen Curry RARE RED REFRACTOR SSP PANINI WARRIORS MINT Encased,Stephen Curry,Basketball,Red / Refractor / SSP,Panini,45.5,Pre-Owned,30,Active
Victor Wembanyama RARE Jam Masters Refractor Investment Card Panini ENCASED,Victor Wembanyama,Basketball,Jam Masters / Refractor,Panini,54.5,Pre-Owned,19,Active
Victor Wembanyama RARE Refractor Investment Card Panini ROTY MINT ENCASED,Victor Wembanyama,Basketball,Refractor,Panini,54.5,Pre-Owned,28,Active
Anthony Edwards RARE HOLO REFRACTOR SSP INVESTMENT CARD PANINI MVP MINT ENCASED,Anthony Edwards,Basketball,Holo / Refractor / SSP,Panini,44.5,Pre-Owned,40,Active
LeBron James RARE Refractor Prizm SSP Investment Card Lakers MVP MINT ENCASED,LeBron James,Basketball,Refractor / Prizm / SSP,Panini,55.5,Pre-Owned,0,Active
Shohei Ohtani RARE Display Refractor Investment Card Topps Dodgers 50/50 ENCASED,Shohei Ohtani,Baseball,Display / Refractor,Topps,55.5,Pre-Owned,0,Active
Anthony Edwards RARE ROOKIE RC HOLO FOIL REFRACTOR SSP INVESTMENT CARD ENCASED,Anthony Edwards,Basketball,Rookie / RC / Holo / Refractor / SSP,Panini,48.5,Pre-Owned,32,Active
Shohei Ohtani RARE Refractor SSP Investment Card Topps Dodgers 50/50 ENCASED,Shohei Ohtani,Baseball,Refractor / SSP,Topps,45.5,Pre-Owned,0,Active
Nikola Jokic RARE PINK PRIZM REFRACTOR INVESTMENT CARD PANINI NUGGETS ENCASED,Nikola Jokic,Basketball,Pink / Prizm / Refractor,Panini,45.0,Pre-Owned,0,Active
Luka Doncic RARE REFRACTOR INVESTMENT CARD SSP MAVERICKS MVP MINT ENCASED,Luka Doncic,Basketball,Refractor / SSP,Panini,55.5,Pre-Owned,19,Active
LeBron James Rare JAM MASTERS Refractor Los Angeles Lakers NBA MVP Mint Encased,LeBron James,Basketball,Jam Masters / Refractor,Panini,44.5,Pre-Owned,20,Active
Luka Doncic RARE REFRACTOR INVESTMENT CARD SSP MAVERICKS MVP MINT ENCASED (2),Luka Doncic,Basketball,Refractor / SSP,Panini,44.5,Pre-Owned,15,Active
LeBron James Art Card RARE MVP NBA Cavaliers Encased,LeBron James,Basketball,Art Card,Panini,65.5,Pre-Owned,36,Active
Stephen Curry 2016 NBA Art Card Rare Orange Refractor Warriors MINT ENCASED,Stephen Curry,Basketball,Art Card / Orange / Refractor,Panini,95.5,Pre-Owned,3,Active
Anthony Edwards RARE REFRACTOR SSP INVESTMENT CARD T-Wolves MVP MINT ENCASED,Anthony Edwards,Basketball,Refractor / SSP,Panini,48.5,Pre-Owned,85,Active
Giannis Antetokounmpo RARE Purple Refractor Investment Card Panini Bucks ENCASED,Giannis Antetokounmpo,Basketball,Purple / Refractor,Panini,47.5,Pre-Owned,25,Active
Mike Trout Blueprint Topps Rare Refractor Angels Encased,Mike Trout,Baseball,Refractor,Topps,44.5,Pre-Owned,21,Active
Nikola Jokic Encased Black Refractor NBA Investment Card Nuggets MVP DISPLAY,Nikola Jokic,Basketball,Black / Refractor / Display,Panini,55.0,Pre-Owned,0,Active
LeBron James RARE Refractor MVP NBA LA Lakers Beautiful Encased,LeBron James,Basketball,Refractor,Panini,65.5,Pre-Owned,16,Active
40/40 Shohei Ohtani RARE Topps Refractor Investment Card 40/40 ENCASED,Shohei Ohtani,Baseball,Refractor,Topps,65.0,Pre-Owned,0,Active
Nikola Jokic Encased Investment Card NBA Nuggets MINT DISPLAY,Nikola Jokic,Basketball,Display,Panini,42.5,Pre-Owned,16,Active
Shohei Ohtani 50/50 Dodgers Display Card Encased Rare Collectible,Shohei Ohtani,Baseball,Display,Topps,50.5,Pre-Owned,21,Active
Aaron Judge RARE Mini Refractor Chrome SP Yankees MVP MINT ENCASED,Aaron Judge,Baseball,Refractor / Chrome / SP,Topps,55.5,Pre-Owned,0,Active
LeBron James RARE Ice Refractor Lakers MVP MINT ENCASED Investment,LeBron James,Basketball,Ice / Refractor,Panini,55.0,Pre-Owned,0,Active
Anthony Edwards RARE HOLO REFRACTOR INVESTMENT CARD PANINI MVP MINT ENCASED (2),Anthony Edwards,Basketball,Holo / Refractor,Panini,44.5,Pre-Owned,0,Active
Nikola Jokic RARE REFRACTOR SSP INVESTMENT CARD Denver Nuggets MVP MINT ENCASED,Nikola Jokic,Basketball,Refractor / SSP,Panini,53.5,Pre-Owned,0,Active
Stephen Curry RARE Red Refractor Investment Card Panini Warriors MINT ENCASED,Stephen Curry,Basketball,Red / Refractor,Panini,55.5,Pre-Owned,0,Active
2025 Anthony Edwards RARE LIMITED STOCK LEGEND INVESTMENT CARD Topps MVP ENCASED,Anthony Edwards,Basketball,SP,Topps,44.5,Pre-Owned,11,Active
Nikola Jokic RARE REFRACTOR PRIZM INVESTMENT CARD SSP NUGGETS MVP MINT ENCASED,Nikola Jokic,Basketball,Refractor / Prizm / SSP,Panini,55.5,Pre-Owned,0,Active
40/40 Shohei Ohtani RARE Topps Refractor Investment Card Dodgers 40/40 ENCASED,Shohei Ohtani,Baseball,Refractor,Topps,55.5,Pre-Owned,6,Active
Stephen Curry RARE Black Display Refractor SSP Panini Warriors MINT ENCASED,Stephen Curry,Basketball,Black / Display / Refractor / SSP,Panini,55.5,Pre-Owned,0,Active
Nikola Jokic RARE REFRACTOR SSP INVESTMENT CARD Denver Nuggets MVP ENCASED (top),Nikola Jokic,Basketball,Refractor / SSP,Panini,48.5,Pre-Owned,69,Active
Aaron Judge RARE Refractor SSP Investment Card Topps New York Yankees ENCASED,Aaron Judge,Baseball,Refractor / SSP,Topps,48.5,Pre-Owned,0,Active
Historic 2025 Shohei Ohtani RARE Refractor Investment Card Dodgers 50/50 ENCASED,Shohei Ohtani,Baseball,Refractor,Topps,55.5,Pre-Owned,0,Active
Nikola Jokic RARE REFRACTOR PRIZM INVESTMENT CARD SSP NUGGETS MVP (30 watch),Nikola Jokic,Basketball,Refractor / Prizm / SSP,Panini,44.5,Pre-Owned,30,Active
LeBron James Rare Refractor SSP Lakers MVP Encased Mint Investment,LeBron James,Basketball,Refractor / SSP,Panini,44.5,Pre-Owned,0,Active
Anthony Edwards RARE WHITE BEAUTIFUL INVESTMENT CARD MVP Antman ENCASED,Anthony Edwards,Basketball,SP,Panini,44.5,Pre-Owned,6,Active
Ken Griffey Jr. RARE REFRACTOR TOPPS CHROME INVESTMENT CARD MARINERS ENCASED,Ken Griffey Jr.,Baseball,Refractor / Chrome,Topps,95.0,Pre-Owned,0,Active
2025 Panini Caitlin Clark Rare Iowa Hawkeyes Refractor Investment Card Encased,Caitlin Clark,Basketball,Refractor,Panini,45.5,Pre-Owned,0,Active
Aaron Judge RARE Mini Display Refractor Chrome SP Yankees MINT ENCASED,Aaron Judge,Baseball,Refractor / Chrome / SP / Display,Topps,65.0,Pre-Owned,0,Active
Nikola Jokic RARE Clear Refractor SSP Panini Nuggets MVP ENCASED,Nikola Jokic,Basketball,Clear / Refractor / SSP,Panini,45.5,Pre-Owned,15,Active
Shohei Ohtani RARE ART PRINT INVESTMENT CARD TOPPS 50/50 MVP MINT ENCASED,Shohei Ohtani,Baseball,Art Print,Topps,65.0,Pre-Owned,0,Active
Nikola Jokic Encased Green Refractor Investment Card NBA Nuggets MINT DISPLAY,Nikola Jokic,Basketball,Green / Refractor / Display,Panini,65.0,Pre-Owned,0,Active
Stephen Curry 2016 NBA Art Card MVP Warriors MINT ENCASED (2),Stephen Curry,Basketball,Art Card,Panini,65.5,Pre-Owned,0,Active
LEBRON JAMES REFRACTOR SP Number 23 LAKERS LEGEND Beautiful Card ENCASED,LeBron James,Basketball,Refractor / SP,Panini,65.0,Pre-Owned,0,Active
Nikola Jokic Encased NBA Investment Card Nuggets MVP MINT DISPLAY (19 watch),Nikola Jokic,Basketball,Display,Panini,48.5,Pre-Owned,19,Active
Tom Brady RARE Blue Refractor SSP Investment Card Pats ENCASED,Tom Brady,Football,Blue / Refractor / SSP,Panini,55.5,Pre-Owned,13,Active
Anthony Edwards GOLD Revolution Refractor SSP Timberwolves Encased,Anthony Edwards,Basketball,Gold / Revolution / Refractor / SSP,Panini,75.5,Pre-Owned,27,Active
